{"$schema":"http://schema.management.azure.com/schemas/2015-01-01/deploymentTemplate.json#","contentVersion":"1.0.0.0","parameters":{"factoryName":{"type":"string","metadata":"Data Factory name"},"onpremsqlserver_connection":{"type":"string"},"AzureDataLakeStorage1":{"type":"string"}},"variables":{"factoryId":"[concat('Microsoft.DataFactory/factories/', parameters('factoryName'))]"},"resources":[{"name":"[concat(parameters('factoryName'), '/pizza_adf_pipeline')]","type":"Microsoft.DataFactory/factories/pipelines","apiVersion":"2018-06-01","properties":{"activities":[{"name":"Copy data1","type":"Copy","dependsOn":[],"policy":{"timeout":"0.12:00:00","retry":0,"retryIntervalInSeconds":30,"secureOutput":false,"secureInput":false},"userProperties":[],"typeProperties":{"source":{"type":"SqlServerSource","queryTimeout":"02:00:00","partitionOption":"None"},"sink":{"type":"DelimitedTextSink","storeSettings":{"type":"AzureBlobFSWriteSettings"},"formatSettings":{"type":"DelimitedTextWriteSettings","quoteAllText":true,"fileExtension":".txt"}},"enableStaging":false,"translator":{"type":"TabularTranslator","typeConversion":true,"typeConversionSettings":{"allowDataTruncation":true,"treatBooleanAsNumber":false}}},"inputs":[{"referenceName":"pizza_sales","type":"DatasetReference","parameters":{}}],"outputs":[{"referenceName":"pizza_file","type":"DatasetReference","parameters":{}}]}],"policy":{"elapsedTimeMetric":{}},"annotations":[]},"dependsOn":["[concat(variables('factoryId'), '/datasets/pizza_sales')]","[concat(variables('factoryId'), '/datasets/pizza_file')]"]},{"name":"[concat(parameters('factoryName'), '/pizza_sales')]","type":"Microsoft.DataFactory/factories/datasets","apiVersion":"2018-06-01","properties":{"linkedServiceName":{"referenceName":"[parameters('onpremsqlserver_connection')]","type":"LinkedServiceReference"},"annotations":[],"type":"SqlServerTable","schema":[{"name":"order_details_id","type":"int","precision":10},{"name":"order_id","type":"int","precision":10},{"name":"pizza_id","type":"varchar"},{"name":"quantity","type":"tinyint","precision":3},{"name":"order_date","type":"date"},{"name":"order_time","type":"time","scale":7},{"name":"unit_price","type":"float","precision":15},{"name":"total_price","type":"float","precision":15},{"name":"pizza_size","type":"varchar"},{"name":"pizza_category","type":"varchar"},{"name":"pizza_ingredients","type":"varchar"},{"name":"pizza_name","type":"varchar"}],"typeProperties":{"schema":"dbo","table":"pizza_sales"}},"dependsOn":[]},{"name":"[concat(parameters('factoryName'), '/pizza_file')]","type":"Microsoft.DataFactory/factories/datasets","apiVersion":"2018-06-01","properties":{"linkedServiceName":{"referenceName":"[parameters('AzureDataLakeStorage1')]","type":"LinkedServiceReference"},"annotations":[],"type":"DelimitedText","typeProperties":{"location":{"type":"AzureBlobFSLocation","fileName":"pizza_sales.csv","folderPath":"raw","fileSystem":"pizza-data"},"columnDelimiter":",","escapeChar":"\\","firstRowAsHeader":true,"quoteChar":"\""},"schema":[]},"dependsOn":[]}]}